Sr. No.,match,team,bowlerName,overs,maiden,runs,wickets,economy,0s,4s,6s,wides,noBalls,match_id
1,India Vs Australia,Australia,Mitchell Starc,10.0,0,55,3,5.5,30,4,1,3,0,ODI # 4662
2,India Vs Australia,Australia,Josh Hazlewood,10.0,0,60,2,6.0,22,4,1,1,0,ODI # 4662
3,India Vs Australia,Australia,Glenn Maxwell,6.0,0,35,1,5.83,19,4,1,0,0,ODI # 4662
4,India Vs Australia,Australia,Pat Cummins,10.0,0,34,2,3.4,30,0,0,2,0,ODI # 4662
5,India Vs Australia,Australia,Adam Zampa,10.0,0,44,1,4.4,22,1,0,1,0,ODI # 4662
6,India Vs Australia,Australia,Mitchell Marsh,2.0,0,5,0,2.5,7,0,0,0,0,ODI # 4662
7,India Vs Australia,Australia,Travis Head,2.0,0,4,0,2.0,8,0,0,0,0,ODI # 4662
8,India Vs Australia,India,Jasprit Bumrah,9.0,2,43,2,4.77,37,8,0,0,0,ODI # 4662
9,India Vs Australia,India,Mohammed Shami,7.0,1,47,1,6.71,28,6,1,3,0,ODI # 4662
10,India Vs Australia,India,Ravindra Jadeja,10.0,0,43,0,4.3,29,1,1,1,0,ODI # 4662
11,India Vs Australia,India,Kuldeep Yadav,10.0,0,56,0,5.6,25,3,2,0,0,ODI # 4662
12,India Vs Australia,India,Mohammed Siraj,7.0,0,45,1,6.42,16,4,1,0,0,ODI # 4662
13,South Africa Vs Australia,Australia,Mitchell Starc,10.0,1,34,3,3.4,46,3,1,4,0,ODI # 4667
14,South Africa Vs Australia,Australia,Josh Hazlewood,8.0,3,12,2,1.5,39,1,0,0,0,ODI # 4667
15,South Africa Vs Australia,Australia,Pat Cummins,9.4,0,51,3,5.27,32,5,1,2,0,ODI # 4667
16,South Africa Vs Australia,Australia,Adam Zampa,7.0,0,55,0,7.85,21,1,6,0,0,ODI # 4667
17,South Africa Vs Australia,Australia,Glenn Maxwell,10.0,0,35,0,3.5,35,3,0,0,0,ODI # 4667
18,South Africa Vs Australia,Australia,Travis Head,5.0,0,21,2,4.2,19,3,0,1,0,ODI # 4667
19,South Africa Vs Australia,South Africa,Marco Jansen,4.2,0,35,0,8.07,18,6,1,4,0,ODI # 4667
20,South Africa Vs Australia,South Africa,Kagiso Rabada,6.0,0,41,1,6.83,24,2,4,1,1,ODI # 4667
21,South Africa Vs Australia,South Africa,Aiden Markram,8.0,1,23,1,2.87,34,1,1,1,0,ODI # 4667
22,South Africa Vs Australia,South Africa,Gerald Coetzee,9.0,0,47,2,5.22,35,8,0,1,1,ODI # 4667
23,South Africa Vs Australia,South Africa,Tabraiz Shamsi,10.0,0,42,2,4.2,36,3,0,5,0,ODI # 4667
24,South Africa Vs Australia,South Africa,Keshav Maharaj,10.0,0,24,1,2.4,39,1,0,0,0,ODI # 4667
25,Sri Lanka Vs Bangladesh,Bangladesh,Shoriful Islam,9.3,0,51,2,5.36,33,7,0,1,0,ODI # 4695
26,Sri Lanka Vs Bangladesh,Bangladesh,Taskin Ahmed,10.0,1,39,0,3.9,39,5,0,1,0,ODI # 4695
27,Sri Lanka Vs Bangladesh,Bangladesh,Tanzim Hasan Sakib,10.0,0,80,3,8.0,27,8,4,2,0,ODI # 4695
28,Sri Lanka Vs Bangladesh,Bangladesh,Shakib Al Hasan,10.0,0,57,2,5.7,23,1,3,0,0,ODI # 4695
29,Sri Lanka Vs Bangladesh,Bangladesh,Mehidy Hasan Miraz,10.0,0,49,1,4.9,30,6,0,0,0,ODI # 4695
30,Sri Lanka Vs Bangladesh,Sri Lanka,Dilshan Madushanka,10.0,1,69,3,6.9,35,7,3,4,0,ODI # 4695
31,Sri Lanka Vs Bangladesh,Sri Lanka,Maheesh Theekshana,9.0,0,44,2,4.88,34,6,0,3,0,ODI # 4695
32,Sri Lanka Vs Bangladesh,Sri Lanka,Kasun Rajitha,4.0,0,47,0,11.75,7,5,3,0,0,ODI # 4695
33,Sri Lanka Vs Bangladesh,Sri Lanka,Dushmantha Chameera,8.0,0,54,0,6.75,25,8,1,2,0,ODI # 4695
34,Sri Lanka Vs Bangladesh,Sri Lanka,Angelo Mathews,7.1,1,35,2,4.88,24,4,0,1,0,ODI # 4695
35,Sri Lanka Vs Bangladesh,Sri Lanka,Dhananjaya de Silva,3.0,0,20,0,6.66,8,3,0,0,0,ODI # 4695
36,India Vs South Africa,South Africa,Lungi Ngidi,8.2,0,63,1,7.56,29,8,3,2,0,ODI # 4694
37,India Vs South Africa,South Africa,Marco Jansen,9.4,0,94,1,9.72,28,15,1,7,1,ODI # 4694
38,India Vs South Africa,South Africa,Kagiso Rabada,10.0,1,48,1,4.8,33,6,0,0,0,ODI # 4694
39,India Vs South Africa,South Africa,Keshav Maharaj,10.0,0,30,1,3.0,32,0,0,1,0,ODI # 4694
40,India Vs South Africa,South Africa,Tabraiz Shamsi,10.0,0,72,1,7.2,22,5,1,7,1,ODI # 4694
41,India Vs South Africa,South Africa,Aiden Markram,2.0,0,17,0,8.5,4,1,1,1,0,ODI # 4694
42,India Vs South Africa,India,Jasprit Bumrah,5.0,0,14,0,2.8,23,2,0,1,0,ODI # 4694
43,India Vs South Africa,India,Mohammed Siraj,4.0,1,11,1,2.75,18,1,0,0,0,ODI # 4694
44,India Vs South Africa,India,Ravindra Jadeja,9.0,1,33,5,3.66,37,5,0,0,0,ODI # 4694
45,India Vs South Africa,India,Mohammed Shami,4.0,0,18,2,4.5,16,2,0,1,0,ODI # 4694
46,India Vs South Africa,India,Kuldeep Yadav,5.1,1,7,2,1.35,24,0,0,0,0,ODI # 4694
47,Australia Vs England,England,David Willey,10.0,1,48,1,4.8,31,4,0,1,0,ODI # 4693
48,Australia Vs England,England,Chris Woakes,9.3,0,54,4,5.68,31,5,1,0,0,ODI # 4693
49,Australia Vs England,England,Mark Wood,10.0,0,70,2,7.0,27,9,0,3,0,ODI # 4693
50,Australia Vs England,England,Liam Livingstone,6.0,0,42,1,7.0,10,2,1,0,0,ODI # 4693
51,Australia Vs England,England,Moeen Ali,4.0,0,28,0,7.0,9,4,0,0,0,ODI # 4693
52,Australia Vs England,England,Adil Rashid,10.0,0,38,2,3.8,34,1,1,0,0,ODI # 4693
53,Australia Vs England,Australia,Mitchell Starc,10.0,0,66,2,6.6,29,7,1,4,0,ODI # 4693
54,Australia Vs England,Australia,Josh Hazlewood,9.1,1,49,2,5.34,34,6,1,2,0,ODI # 4693
55,Australia Vs England,Australia,Pat Cummins,10.0,1,49,2,4.9,32,5,1,0,0,ODI # 4693
56,Australia Vs England,Australia,Adam Zampa,10.0,0,21,3,2.1,41,0,0,2,0,ODI # 4693
57,Australia Vs England,Australia,Travis Head,5.0,0,28,0,5.6,12,0,2,0,0,ODI # 4693
58,Australia Vs England,Australia,Marcus Stoinis,4.0,0,34,1,8.5,8,4,1,0,0,ODI # 4693
59,New Zealand Vs Pakistan,Pakistan,Shaheen Shah Afridi,10.0,0,90,0,9.0,24,11,2,5,0,ODI # 4692
60,New Zealand Vs Pakistan,Pakistan,Hasan Ali,10.0,0,82,1,8.2,26,10,2,2,1,ODI # 4692
61,New Zealand Vs Pakistan,Pakistan,Iftikhar Ahmed,8.0,0,55,1,6.87,20,8,0,0,0,ODI # 4692
62,New Zealand Vs Pakistan,Pakistan,Haris Rauf,10.0,0,85,1,8.5,24,11,2,2,0,ODI # 4692
63,New Zealand Vs Pakistan,Pakistan,Mohammad Wasim,10.0,0,60,3,6.0,28,4,1,3,0,ODI # 4692
64,New Zealand Vs Pakistan,Pakistan,Agha Salman,2.0,0,21,0,10.5,3,2,1,1,0,ODI # 4692
65,New Zealand Vs Pakistan,New Zealand,Trent Boult,6.0,0,50,0,8.33,20,7,2,2,0,ODI # 4692
66,New Zealand Vs Pakistan,New Zealand,Tim Southee,5.0,0,27,1,5.4,17,1,2,0,0,ODI # 4692
67,New Zealand Vs Pakistan,New Zealand,Mitchell Santner,5.0,0,35,0,7.0,13,1,3,0,0,ODI # 4692
68,New Zealand Vs Pakistan,New Zealand,Glenn Phillips,5.0,1,42,0,8.4,13,3,3,0,0,ODI # 4692
69,New Zealand Vs Pakistan,New Zealand,Ish Sodhi,4.0,0,44,0,11.0,6,3,3,1,0,ODI # 4692
70,New Zealand Vs Pakistan,New Zealand,Daryl Mitchell,0.3,0,1,0,2.0,2,0,0,0,0,ODI # 4692
71,Netherlands Vs Afghanistan,Afghanistan,Mujeeb Ur Rahman,10.0,0,40,1,4.0,40,4,0,3,0,ODI # 4691
72,Netherlands Vs Afghanistan,Afghanistan,Fazalhaq Farooqi,5.0,0,36,0,7.2,20,8,0,2,0,ODI # 4691
73,Netherlands Vs Afghanistan,Afghanistan,Azmatullah Omarzai,3.0,0,11,0,3.66,10,1,0,0,0,ODI # 4691
74,Netherlands Vs Afghanistan,Afghanistan,Mohammad Nabi,9.3,1,28,3,2.94,39,3,0,1,0,ODI # 4691
75,Netherlands Vs Afghanistan,Afghanistan,Rashid Khan,10.0,0,31,0,3.1,35,0,0,3,0,ODI # 4691
76,Netherlands Vs Afghanistan,Afghanistan,Noor Ahmad,9.0,0,31,2,3.44,36,3,0,3,0,ODI # 4691
77,Netherlands Vs Afghanistan,Netherlands,Aryan Dutt,8.3,0,49,0,5.76,25,6,0,3,0,ODI # 4691
78,Netherlands Vs Afghanistan,Netherlands,Logan van Beek,7.0,0,30,1,4.28,26,3,0,2,0,ODI # 4691
79,Netherlands Vs Afghanistan,Netherlands,Paul van Meekeren,5.0,0,35,0,7.0,15,6,0,1,1,ODI # 4691
80,Netherlands Vs Afghanistan,Netherlands,Roelof van der Merwe,5.0,0,27,1,5.4,11,2,0,0,0,ODI # 4691
81,Netherlands Vs Afghanistan,Netherlands,Saqib Zulfiqar,3.0,0,25,1,8.33,8,4,0,0,1,ODI # 4691
82,Netherlands Vs Afghanistan,Netherlands,Colin Ackermann,3.0,0,12,0,4.0,8,0,0,1,0,ODI # 4691
83,India Vs Sri Lanka,Sri Lanka,Dilshan Madushanka,10.0,0,80,5,8.0,25,8,2,6,0,ODI # 4690
84,India Vs Sri Lanka,Sri Lanka,Dushmantha Chameera,10.0,2,71,1,7.1,28,8,2,0,0,ODI # 4690
85,India Vs Sri Lanka,Sri Lanka,Kasun Rajitha,9.0,0,65,0,7.22,25,7,2,1,0,ODI # 4690
86,India Vs Sri Lanka,Sri Lanka,Angelo Mathews,3.0,0,11,0,3.66,10,1,0,0,0,ODI # 4690
87,India Vs Sri Lanka,Sri Lanka,Maheesh Theekshana,10.0,0,67,0,6.7,18,5,1,1,0,ODI # 4690
88,India Vs Sri Lanka,Sri Lanka,Dushan Hemantha,8.0,0,52,0,6.5,17,2,2,0,1,ODI # 4690
89,India Vs Sri Lanka,India,Jasprit Bumrah,5.0,1,8,1,1.6,26,0,0,3,0,ODI # 4690
90,India Vs Sri Lanka,India,Mohammed Siraj,7.0,2,16,3,2.28,35,2,0,1,0,ODI # 4690
91,India Vs Sri Lanka,India,Mohammed Shami,5.0,1,18,5,3.6,22,3,0,0,0,ODI # 4690
92,India Vs Sri Lanka,India,Kuldeep Yadav,2.0,0,3,0,1.5,9,0,0,0,0,ODI # 4690
93,India Vs Sri Lanka,India,Ravindra Jadeja,0.4,0,4,1,6.0,3,1,0,0,0,ODI # 4690
94,South Africa Vs New Zealand,New Zealand,Trent Boult,10.0,1,49,1,4.9,35,5,1,2,0,ODI # 4689
95,South Africa Vs New Zealand,New Zealand,Matt Henry,5.3,0,31,0,5.63,20,4,1,1,0,ODI # 4689
96,South Africa Vs New Zealand,New Zealand,Tim Southee,10.0,0,77,2,7.7,19,6,3,1,0,ODI # 4689
97,South Africa Vs New Zealand,New Zealand,Mitchell Santner,10.0,0,58,0,5.8,18,2,1,2,0,ODI # 4689
98,South Africa Vs New Zealand,New Zealand,Glenn Phillips,7.0,0,52,0,7.42,15,2,3,2,0,ODI # 4689
99,South Africa Vs New Zealand,New Zealand,Rachin Ravindra,2.0,0,17,0,8.5,6,2,1,0,0,ODI # 4689
100,South Africa Vs New Zealand,New Zealand,James Neesham,5.3,0,69,1,12.54,7,5,5,0,0,ODI # 4689
101,South Africa Vs New Zealand,South Africa,Marco Jansen,8.0,1,31,3,3.87,29,3,0,1,1,ODI # 4689
102,South Africa Vs New Zealand,South Africa,Lungi Ngidi,6.0,1,28,0,4.66,23,4,0,0,0,ODI # 4689
103,South Africa Vs New Zealand,South Africa,Kagiso Rabada,6.0,2,16,1,2.66,27,2,0,0,0,ODI # 4689
104,South Africa Vs New Zealand,South Africa,Gerald Coetzee,6.3,0,41,2,6.3,24,5,1,1,0,ODI # 4689
105,South Africa Vs New Zealand,South Africa,Keshav Maharaj,9.0,0,46,4,5.11,32,3,3,0,0,ODI # 4689
106,Bangladesh Vs Pakistan,Pakistan,Shaheen Shah Afridi,9.0,1,23,3,2.55,40,2,0,2,0,ODI # 4688
107,Bangladesh Vs Pakistan,Pakistan,Iftikhar Ahmed,10.0,0,44,1,4.4,32,5,0,0,0,ODI # 4688
108,Bangladesh Vs Pakistan,Pakistan,Haris Rauf,8.0,0,36,2,4.5,28,3,0,2,0,ODI # 4688
109,Bangladesh Vs Pakistan,Pakistan,Mohammad Wasim,8.1,1,31,3,3.79,31,4,0,0,0,ODI # 4688
110,Bangladesh Vs Pakistan,Pakistan,Usama Mir,10.0,0,66,1,6.6,27,5,3,1,0,ODI # 4688
111,Bangladesh Vs Pakistan,Bangladesh,Taskin Ahmed,6.0,1,36,0,6.0,21,2,3,0,0,ODI # 4688
112,Bangladesh Vs Pakistan,Bangladesh,Shoriful Islam,4.0,1,25,0,6.25,16,3,1,1,0,ODI # 4688
113,Bangladesh Vs Pakistan,Bangladesh,Mehidy Hasan Miraz,9.0,0,60,3,6.66,25,3,4,0,0,ODI # 4688
114,Bangladesh Vs Pakistan,Bangladesh,Mustafizur Rahman,7.0,0,47,0,6.71,23,9,0,1,0,ODI # 4688
115,Bangladesh Vs Pakistan,Bangladesh,Shakib Al Hasan,5.3,0,30,0,5.45,13,1,1,0,0,ODI # 4688
116,Bangladesh Vs Pakistan,Bangladesh,Najmul Hossain Shanto,1.0,0,5,0,5.0,4,1,0,0,0,ODI # 4688
117,Sri Lanka Vs Afghanistan,Afghanistan,Mujeeb Ur Rahman,10.0,0,38,2,3.8,29,2,0,0,0,ODI # 4687
118,Sri Lanka Vs Afghanistan,Afghanistan,Fazalhaq Farooqi,10.0,1,34,4,3.4,42,3,1,0,0,ODI # 4687
119,Sri Lanka Vs Afghanistan,Afghanistan,Naveen-ul-Haq,6.3,0,47,0,7.23,16,5,1,2,0,ODI # 4687
120,Sri Lanka Vs Afghanistan,Afghanistan,Azmatullah Omarzai,7.0,0,37,1,5.28,22,5,0,1,0,ODI # 4687
121,Sri Lanka Vs Afghanistan,Afghanistan,Rashid Khan,10.0,0,50,1,5.0,27,3,0,2,0,ODI # 4687
122,Sri Lanka Vs Afghanistan,Afghanistan,Mohammad Nabi,6.0,0,33,0,5.5,11,1,0,0,0,ODI # 4687
123,Sri Lanka Vs Afghanistan,Sri Lanka,Dilshan Madushanka,9.0,0,48,2,5.33,28,4,1,3,0,ODI # 4687
124,Sri Lanka Vs Afghanistan,Sri Lanka,Kasun Rajitha,10.0,0,48,1,4.8,37,4,1,2,0,ODI # 4687
125,Sri Lanka Vs Afghanistan,Sri Lanka,Angelo Mathews,3.0,0,18,0,6.0,8,2,0,0,0,ODI # 4687
126,Sri Lanka Vs Afghanistan,Sri Lanka,Dushmantha Chameera,9.2,0,51,0,5.46,29,4,2,0,0,ODI # 4687
127,Sri Lanka Vs Afghanistan,Sri Lanka,Maheesh Theekshana,10.0,0,55,0,5.5,25,3,1,3,0,ODI # 4687
128,Sri Lanka Vs Afghanistan,Sri Lanka,Dhananjaya de Silva,4.0,0,21,0,5.25,9,2,0,0,0,ODI # 4687
129,India Vs England,England,David Willey,10.0,2,45,3,4.5,39,4,2,0,0,ODI # 4686
130,India Vs England,England,Chris Woakes,9.0,1,33,2,3.66,36,3,0,1,0,ODI # 4686
131,India Vs England,England,Adil Rashid,10.0,0,35,2,3.5,35,3,0,0,0,ODI # 4686
132,India Vs England,England,Mark Wood,9.0,1,46,1,5.11,32,3,2,2,0,ODI # 4686
133,India Vs England,England,Liam Livingstone,4.0,1,29,0,7.25,13,5,0,0,0,ODI # 4686
134,India Vs England,England,Moeen Ali,8.0,0,37,0,4.62,19,2,0,0,0,ODI # 4686
135,India Vs England,India,Jasprit Bumrah,6.5,1,32,3,4.68,31,3,2,2,0,ODI # 4686
136,India Vs England,India,Mohammed Siraj,6.0,0,33,0,5.5,22,3,1,2,0,ODI # 4686
137,India Vs England,India,Mohammed Shami,7.0,2,22,4,3.14,33,3,0,2,0,ODI # 4686
138,India Vs England,India,Kuldeep Yadav,8.0,0,24,2,3.0,28,1,0,0,0,ODI # 4686
139,India Vs England,India,Ravindra Jadeja,7.0,1,16,1,2.28,27,0,0,0,0,ODI # 4686
140,India Vs New Zealand,New Zealand,Trent Boult,10.0,0,86,1,8.6,26,9,4,2,0,ODI # 4678
141,India Vs New Zealand,New Zealand,Tim Southee,10.0,0,100,3,10.0,20,8,6,1,0,ODI # 4678
142,India Vs New Zealand,New Zealand,Mitchell Santner,10.0,1,51,0,5.1,29,3,2,0,0,ODI # 4678
143,India Vs New Zealand,New Zealand,Lockie Ferguson,8.0,0,65,0,8.12,15,7,1,1,0,ODI # 4678
144,India Vs New Zealand,New Zealand,Rachin Ravindra,7.0,0,60,0,8.57,13,2,4,2,0,ODI # 4678
145,India Vs New Zealand,New Zealand,Glenn Phillips,5.0,0,33,0,6.6,11,1,2,0,0,ODI # 4678
146,India Vs New Zealand,India,Jasprit Bumrah,10.0,1,64,1,6.4,32,6,1,6,0,ODI # 4678
147,India Vs New Zealand,India,Mohammed Siraj,9.0,0,78,1,8.66,26,10,3,3,0,ODI # 4678
148,India Vs New Zealand,India,Mohammed Shami,9.5,0,57,7,5.79,37,3,4,2,0,ODI # 4678
149,India Vs New Zealand,India,Ravindra Jadeja,10.0,0,63,0,6.3,29,3,3,0,1,ODI # 4678
150,India Vs New Zealand,India,Kuldeep Yadav,10.0,0,56,1,5.6,26,6,0,0,0,ODI # 4678
151,Netherlands Vs Bangladesh,Bangladesh,Shoriful Islam,10.0,0,51,2,5.1,38,5,1,3,0,ODI # 4685
152,Netherlands Vs Bangladesh,Bangladesh,Taskin Ahmed,9.0,1,43,2,4.77,32,6,0,1,0,ODI # 4685
153,Netherlands Vs Bangladesh,Bangladesh,Shakib Al Hasan,10.0,1,37,1,3.7,35,4,0,0,0,ODI # 4685
154,Netherlands Vs Bangladesh,Bangladesh,Mehidy Hasan Miraz,4.0,0,17,0,4.25,10,1,0,0,0,ODI # 4685
155,Netherlands Vs Bangladesh,Bangladesh,Mustafizur Rahman,10.0,1,36,2,3.6,36,3,0,1,0,ODI # 4685
156,Netherlands Vs Bangladesh,Bangladesh,Mahedi Hasan,7.0,0,40,2,5.71,23,3,1,1,0,ODI # 4685
157,Netherlands Vs Bangladesh,Netherlands,Aryan Dutt,10.0,3,26,1,2.6,48,3,1,0,0,ODI # 4685
158,Netherlands Vs Bangladesh,Netherlands,Logan van Beek,9.0,1,30,1,3.33,39,3,0,4,0,ODI # 4685
159,Netherlands Vs Bangladesh,Netherlands,Colin Ackermann,7.0,1,25,1,3.57,29,2,1,0,0,ODI # 4685
160,Netherlands Vs Bangladesh,Netherlands,Paul van Meekeren,7.2,0,23,4,3.13,30,2,0,2,0,ODI # 4685
161,Netherlands Vs Bangladesh,Netherlands,Bas de Leede,7.0,0,25,2,3.57,30,4,0,0,0,ODI # 4685
162,Netherlands Vs Bangladesh,Netherlands,Shariz Ahmad,2.0,0,13,0,6.5,5,2,0,0,0,ODI # 4685
163,Australia Vs New Zealand,New Zealand,Matt Henry,6.2,0,67,1,10.57,21,8,4,2,2,ODI # 4684
164,Australia Vs New Zealand,New Zealand,Trent Boult,10.0,0,77,3,7.7,25,7,3,3,0,ODI # 4684
165,Australia Vs New Zealand,New Zealand,Lockie Ferguson,3.0,0,38,0,12.66,6,3,3,0,0,ODI # 4684
166,Australia Vs New Zealand,New Zealand,Mitchell Santner,10.0,0,80,2,8.0,23,6,4,1,0,ODI # 4684
167,Australia Vs New Zealand,New Zealand,Glenn Phillips,10.0,0,37,3,3.7,30,2,0,0,0,ODI # 4684
168,Australia Vs New Zealand,New Zealand,Rachin Ravindra,8.0,0,56,0,7.0,18,5,2,0,0,ODI # 4684
169,Australia Vs New Zealand,New Zealand,James Neesham,2.0,0,32,1,16.0,4,1,4,0,0,ODI # 4684
170,Australia Vs New Zealand,Australia,Mitchell Starc,9.0,0,89,0,9.88,21,6,3,9,0,ODI # 4684
171,Australia Vs New Zealand,Australia,Josh Hazlewood,9.0,0,70,2,7.77,24,9,2,1,0,ODI # 4684
172,Australia Vs New Zealand,Australia,Pat Cummins,10.0,0,66,2,6.6,26,7,1,3,0,ODI # 4684
173,Australia Vs New Zealand,Australia,Glenn Maxwell,10.0,0,62,1,6.2,22,4,2,0,0,ODI # 4684
174,Australia Vs New Zealand,Australia,Adam Zampa,10.0,0,74,3,7.4,22,6,3,0,0,ODI # 4684
175,Australia Vs New Zealand,Australia,Mitchell Marsh,2.0,0,18,0,9.0,3,1,1,1,0,ODI # 4684
176,Pakistan Vs South Africa,South Africa,Marco Jansen,9.0,1,43,3,4.77,40,5,0,6,2,ODI # 4683
177,Pakistan Vs South Africa,South Africa,Lungi Ngidi,7.4,0,45,1,5.86,26,6,0,3,0,ODI # 4683
178,Pakistan Vs South Africa,South Africa,Aiden Markram,4.0,0,20,0,5.0,12,2,0,0,0,ODI # 4683
179,Pakistan Vs South Africa,South Africa,Keshav Maharaj,9.0,0,56,0,6.22,30,4,4,0,0,ODI # 4683
180,Pakistan Vs South Africa,South Africa,Gerald Coetzee,7.0,0,42,2,6.0,20,4,1,1,0,ODI # 4683
181,Pakistan Vs South Africa,South Africa,Tabraiz Shamsi,10.0,0,60,4,6.0,28,2,3,1,2,ODI # 4683
182,Pakistan Vs South Africa,Pakistan,Iftikhar Ahmed,3.0,0,23,0,7.66,9,1,1,1,0,ODI # 4683
183,Pakistan Vs South Africa,Pakistan,Shaheen Shah Afridi,10.0,0,45,3,4.5,37,5,0,3,0,ODI # 4683
184,Pakistan Vs South Africa,Pakistan,Mohammad Nawaz,6.2,0,40,0,6.31,15,4,1,0,0,ODI # 4683
185,Pakistan Vs South Africa,Pakistan,Haris Rauf,10.0,0,62,2,6.2,29,3,3,2,0,ODI # 4683
186,Pakistan Vs South Africa,Pakistan,Mohammad Wasim,10.0,1,50,2,5.0,37,7,0,3,0,ODI # 4683
187,Pakistan Vs South Africa,Pakistan,Usama Mir,8.0,0,45,2,5.62,25,1,3,1,0,ODI # 4683
188,England Vs Sri Lanka,Sri Lanka,Dilshan Madushanka,5.0,0,37,0,7.4,18,7,0,0,0,ODI # 4682
189,England Vs Sri Lanka,Sri Lanka,Kasun Rajitha,7.0,0,36,2,5.14,25,5,0,1,0,ODI # 4682
190,England Vs Sri Lanka,Sri Lanka,Maheesh Theekshana,8.2,1,21,1,2.52,36,1,0,3,0,ODI # 4682
191,England Vs Sri Lanka,Sri Lanka,Angelo Mathews,5.0,1,14,2,2.8,17,0,0,0,0,ODI # 4682
192,England Vs Sri Lanka,Sri Lanka,Lahiru Kumara,7.0,0,35,3,5.0,25,4,1,0,0,ODI # 4682
193,England Vs Sri Lanka,Sri Lanka,Dhananjaya de Silva,1.0,0,10,0,10.0,2,2,0,0,0,ODI # 4682
194,England Vs Sri Lanka,England,Chris Woakes,6.0,0,30,0,5.0,21,4,0,2,0,ODI # 4682
195,England Vs Sri Lanka,England,David Willey,5.0,0,30,2,6.0,18,5,0,1,0,ODI # 4682
196,England Vs Sri Lanka,England,Adil Rashid,4.4,0,39,0,8.35,9,1,3,0,0,ODI # 4682
197,England Vs Sri Lanka,England,Mark Wood,4.0,0,23,0,5.75,12,3,0,0,0,ODI # 4682
198,England Vs Sri Lanka,England,Liam Livingstone,3.0,0,17,0,5.66,8,2,0,0,0,ODI # 4682
199,England Vs Sri Lanka,England,Moeen Ali,3.0,0,21,0,7.0,5,2,0,0,0,ODI # 4682
200,Australia Vs Netherlands,Netherlands,Aryan Dutt,7.0,0,59,1,8.42,17,9,1,0,0,ODI # 4681
201,Australia Vs Netherlands,Netherlands,Colin Ackermann,4.0,0,19,0,4.75,10,0,1,0,0,ODI # 4681
202,Australia Vs Netherlands,Netherlands,Logan van Beek,10.0,0,74,4,7.4,31,7,3,5,0,ODI # 4681
203,Australia Vs Netherlands,Netherlands,Paul van Meekeren,10.0,0,64,0,6.4,29,7,1,3,0,ODI # 4681
204,Australia Vs Netherlands,Netherlands,Vikramjit Singh,4.0,0,27,0,6.75,13,3,1,1,0,ODI # 4681
205,Australia Vs Netherlands,Netherlands,Roelof van der Merwe,5.0,0,41,0,8.2,11,3,2,1,0,ODI # 4681
206,Australia Vs Netherlands,Netherlands,Bas de Leede,10.0,0,115,2,11.5,20,13,6,1,1,ODI # 4681
207,Australia Vs Netherlands,Australia,Mitchell Starc,4.0,0,22,1,5.5,19,5,0,2,0,ODI # 4681
208,Australia Vs Netherlands,Australia,Josh Hazlewood,6.0,0,27,1,4.5,25,4,0,2,0,ODI # 4681
209,Australia Vs Netherlands,Australia,Pat Cummins,4.0,0,14,1,3.5,16,2,0,0,0,ODI # 4681
210,Australia Vs Netherlands,Australia,Mitchell Marsh,4.0,0,19,2,4.75,15,2,0,3,0,ODI # 4681
211,Australia Vs Netherlands,Australia,Adam Zampa,3.0,0,8,4,2.66,10,0,0,0,0,ODI # 4681
212,South Africa Vs Bangladesh,Bangladesh,Mustafizur Rahman,9.0,0,76,0,8.44,15,7,2,2,0,ODI # 4680
213,South Africa Vs Bangladesh,Bangladesh,Mehidy Hasan Miraz,9.0,0,44,1,4.88,29,3,1,2,0,ODI # 4680
214,South Africa Vs Bangladesh,Bangladesh,Shoriful Islam,9.0,0,76,1,8.44,19,6,4,0,0,ODI # 4680
215,South Africa Vs Bangladesh,Bangladesh,Shakib Al Hasan,9.0,0,69,1,7.66,24,5,4,1,0,ODI # 4680
216,South Africa Vs Bangladesh,Bangladesh,Hasan Mahmud,6.0,0,67,2,11.16,12,3,6,1,0,ODI # 4680
217,South Africa Vs Bangladesh,Bangladesh,Nasum Ahmed,5.0,0,27,0,5.4,11,1,1,0,0,ODI # 4680
218,South Africa Vs Bangladesh,Bangladesh,Mahmudullah,3.0,0,20,0,6.66,7,1,1,1,0,ODI # 4680
219,South Africa Vs Bangladesh,South Africa,Marco Jansen,8.0,0,39,2,4.87,34,5,0,5,0,ODI # 4680
220,South Africa Vs Bangladesh,South Africa,Lizaad Williams,8.4,1,56,2,6.46,33,7,2,5,0,ODI # 4680
221,South Africa Vs Bangladesh,South Africa,Gerald Coetzee,10.0,0,62,3,6.2,36,8,2,1,1,ODI # 4680
222,South Africa Vs Bangladesh,South Africa,Kagiso Rabada,10.0,1,42,2,4.2,36,3,1,0,1,ODI # 4680
223,South Africa Vs Bangladesh,South Africa,Keshav Maharaj,10.0,0,32,1,3.2,36,2,0,1,0,ODI # 4680
224,Pakistan Vs Afghanistan,Afghanistan,Naveen-ul-Haq,7.0,0,52,2,7.42,22,4,3,3,0,ODI # 4679
225,Pakistan Vs Afghanistan,Afghanistan,Mujeeb Ur Rahman,8.0,0,55,0,6.87,20,5,2,0,0,ODI # 4679
226,Pakistan Vs Afghanistan,Afghanistan,Mohammad Nabi,10.0,0,31,1,3.1,37,2,0,0,0,ODI # 4679
227,Pakistan Vs Afghanistan,Afghanistan,Azmatullah Omarzai,5.0,0,50,1,10.0,9,4,2,3,0,ODI # 4679
228,Pakistan Vs Afghanistan,Afghanistan,Rashid Khan,10.0,0,41,0,4.1,30,1,1,0,0,ODI # 4679
229,Pakistan Vs Afghanistan,Afghanistan,Noor Ahmad,10.0,0,49,3,4.9,27,1,1,4,1,ODI # 4679
230,Pakistan Vs Afghanistan,Pakistan,Shaheen Shah Afridi,10.0,0,58,1,5.8,27,5,0,2,0,ODI # 4679
231,Pakistan Vs Afghanistan,Pakistan,Hasan Ali,10.0,1,44,1,4.4,42,4,2,1,0,ODI # 4679
232,Pakistan Vs Afghanistan,Pakistan,Haris Rauf,8.0,1,53,0,6.62,19,6,0,3,0,ODI # 4679
233,Pakistan Vs Afghanistan,Pakistan,Usama Mir,8.0,0,55,0,6.87,19,6,0,2,1,ODI # 4679
234,Pakistan Vs Afghanistan,Pakistan,Shadab Khan,8.0,0,49,0,6.12,22,6,0,0,0,ODI # 4679
235,Pakistan Vs Afghanistan,Pakistan,Iftikhar Ahmed,5.0,0,27,0,5.4,15,1,1,0,0,ODI # 4679
236,New Zealand Vs India,India,Jasprit Bumrah,10.0,1,45,1,4.5,34,5,0,0,0,ODI # 4678
237,New Zealand Vs India,India,Mohammed Siraj,10.0,1,45,1,4.5,34,3,1,4,0,ODI # 4678
238,New Zealand Vs India,India,Mohammed Shami,10.0,0,54,5,5.4,32,6,1,0,0,ODI # 4678
239,New Zealand Vs India,India,Ravindra Jadeja,10.0,0,48,0,4.8,28,2,1,0,0,ODI # 4678
240,New Zealand Vs India,India,Kuldeep Yadav,10.0,0,73,2,7.3,25,3,4,3,0,ODI # 4678
241,New Zealand Vs India,New Zealand,Trent Boult,10.0,0,60,1,6.0,33,6,2,1,0,ODI # 4678
242,New Zealand Vs India,New Zealand,Matt Henry,9.0,0,55,1,6.11,31,7,2,0,0,ODI # 4678
243,New Zealand Vs India,New Zealand,Mitchell Santner,10.0,0,37,1,3.7,32,1,1,0,0,ODI # 4678
244,New Zealand Vs India,New Zealand,Lockie Ferguson,8.0,0,63,2,7.87,22,11,0,2,0,ODI # 4678
245,New Zealand Vs India,New Zealand,Rachin Ravindra,9.0,0,46,0,5.11,28,3,2,1,0,ODI # 4678
246,New Zealand Vs India,New Zealand,Glenn Phillips,2.0,0,12,0,6.0,3,1,0,0,0,ODI # 4678
247,South Africa Vs England,England,Reece Topley,8.5,0,88,3,9.96,23,10,4,4,0,ODI # 4677
248,South Africa Vs England,England,David Willey,9.0,1,61,0,6.77,27,6,2,3,1,ODI # 4677
249,South Africa Vs England,England,Joe Root,6.1,0,48,0,7.78,6,2,2,0,0,ODI # 4677
250,South Africa Vs England,England,Gus Atkinson,9.0,0,60,2,6.66,27,6,2,1,0,ODI # 4677
251,South Africa Vs England,England,Mark Wood,7.0,0,76,0,10.85,9,10,2,1,0,ODI # 4677
252,South Africa Vs England,England,Adil Rashid,10.0,0,61,2,6.1,20,4,1,0,0,ODI # 4677
253,South Africa Vs England,South Africa,Lungi Ngidi,5.0,1,26,2,5.2,23,2,2,3,0,ODI # 4677
254,South Africa Vs England,South Africa,Marco Jansen,5.0,0,35,2,7.0,19,4,2,1,0,ODI # 4677
255,South Africa Vs England,South Africa,Kagiso Rabada,6.0,1,38,1,6.33,24,6,1,0,1,ODI # 4677
256,South Africa Vs England,South Africa,Gerald Coetzee,4.0,0,35,3,8.75,13,5,1,1,0,ODI # 4677
257,South Africa Vs England,South Africa,Keshav Maharaj,2.0,0,27,1,13.5,4,1,3,0,0,ODI # 4677
258,Netherlands Vs Sri Lanka,Sri Lanka,Dilshan Madushanka,9.4,1,49,4,5.06,33,4,0,3,1,ODI # 4676
259,Netherlands Vs Sri Lanka,Sri Lanka,Kasun Rajitha,9.0,0,50,4,5.55,32,5,0,6,0,ODI # 4676
260,Netherlands Vs Sri Lanka,Sri Lanka,Chamika Karunaratne,9.0,1,58,0,6.44,25,1,2,6,0,ODI # 4676
261,Netherlands Vs Sri Lanka,Sri Lanka,Maheesh Theekshana,10.0,0,44,1,4.4,28,0,0,2,0,ODI # 4676
262,Netherlands Vs Sri Lanka,Sri Lanka,Dushan Hemantha,8.0,0,42,0,5.25,23,3,1,0,0,ODI # 4676
263,Netherlands Vs Sri Lanka,Sri Lanka,Dhananjaya de Silva,4.0,0,13,0,3.25,16,0,0,3,0,ODI # 4676
264,Netherlands Vs Sri Lanka,Netherlands,Aryan Dutt,10.0,0,44,3,4.4,38,3,1,2,0,ODI # 4676
265,Netherlands Vs Sri Lanka,Netherlands,Logan van Beek,10.0,0,57,0,5.7,36,6,2,0,0,ODI # 4676
266,Netherlands Vs Sri Lanka,Netherlands,Paul van Meekeren,8.0,1,39,1,4.87,29,4,0,2,0,ODI # 4676
267,Netherlands Vs Sri Lanka,Netherlands,Bas de Leede,3.0,0,29,0,9.66,7,4,0,2,0,ODI # 4676
268,Netherlands Vs Sri Lanka,Netherlands,Roelof van der Merwe,9.0,0,42,0,4.66,25,3,0,1,0,ODI # 4676
269,Netherlands Vs Sri Lanka,Netherlands,Colin Ackermann,8.2,0,39,1,4.68,25,3,0,0,0,ODI # 4676
270,India Vs Netherlands,Netherlands,Aryan Dutt,7.0,0,52,0,7.42,19,7,1,1,0,ODI # 4702
271,India Vs Netherlands,Netherlands,Logan van Beek,10.0,0,107,0,10.7,17,10,6,1,0,ODI # 4702
272,India Vs Netherlands,Netherlands,Colin Ackermann,3.0,0,25,0,8.33,5,2,1,1,0,ODI # 4702
273,India Vs Netherlands,Netherlands,Paul van Meekeren,10.0,0,90,1,9.0,19,6,5,2,1,ODI # 4702
274,India Vs Netherlands,Netherlands,Roelof van der Merwe,10.0,0,53,1,5.3,27,4,1,0,0,ODI # 4702
275,India Vs Netherlands,Netherlands,Bas de Leede,10.0,0,82,2,8.2,22,8,2,8,0,ODI # 4702
276,India Vs Netherlands,India,Jasprit Bumrah,9.0,1,33,2,3.66,35,3,0,1,0,ODI # 4702
277,India Vs Netherlands,India,Mohammed Siraj,6.0,1,29,2,4.83,23,5,0,1,0,ODI # 4702
278,India Vs Netherlands,India,Mohammed Shami,6.0,0,41,0,6.83,15,4,1,1,0,ODI # 4702
279,India Vs Netherlands,India,Kuldeep Yadav,10.0,1,41,2,4.1,39,1,3,0,0,ODI # 4702
280,India Vs Netherlands,India,Ravindra Jadeja,9.0,0,49,2,5.44,31,4,2,1,0,ODI # 4702
281,India Vs Netherlands,India,Virat Kohli,3.0,0,13,1,4.33,10,1,0,0,0,ODI # 4702
282,India Vs Netherlands,India,Shubman Gill,2.0,0,11,0,5.5,4,1,0,0,0,ODI # 4702
283,India Vs Netherlands,India,Suryakumar Yadav,2.0,0,17,0,8.5,5,0,2,0,0,ODI # 4702
284,India Vs Netherlands,India,Rohit Sharma,0.5,0,7,1,8.4,3,0,1,0,0,ODI # 4702
285,Australia Vs Pakistan,Pakistan,Shaheen Shah Afridi,10.0,1,54,5,5.4,39,4,3,3,0,ODI # 4675
286,Australia Vs Pakistan,Pakistan,Hasan Ali,8.0,0,57,0,7.12,26,4,3,3,0,ODI # 4675
287,Australia Vs Pakistan,Pakistan,Iftikhar Ahmed,8.0,0,37,0,4.62,30,4,1,2,0,ODI # 4675
288,Australia Vs Pakistan,Pakistan,Haris Rauf,8.0,0,83,3,10.37,18,8,5,3,0,ODI # 4675
289,Australia Vs Pakistan,Pakistan,Usama Mir,9.0,0,82,1,9.11,19,6,5,2,0,ODI # 4675
290,Australia Vs Pakistan,Pakistan,Mohammad Nawaz,7.0,0,43,0,6.14,20,3,2,0,0,ODI # 4675
291,Australia Vs Pakistan,Australia,Mitchell Starc,8.0,0,65,1,8.12,22,10,0,6,0,ODI # 4675
292,Australia Vs Pakistan,Australia,Josh Hazlewood,10.0,1,37,1,3.7,40,5,0,1,0,ODI # 4675
293,Australia Vs Pakistan,Australia,Pat Cummins,7.3,0,62,2,8.26,22,6,4,0,0,ODI # 4675
294,Australia Vs Pakistan,Australia,Adam Zampa,10.0,0,53,4,5.3,25,3,1,1,0,ODI # 4675
295,Australia Vs Pakistan,Australia,Glenn Maxwell,5.0,0,40,0,8.0,10,6,0,0,0,ODI # 4675
296,Australia Vs Pakistan,Australia,Marcus Stoinis,5.0,0,40,2,8.0,10,4,1,3,0,ODI # 4675
297,Bangladesh Vs India,India,Jasprit Bumrah,10.0,1,41,2,4.1,39,2,2,1,0,ODI # 4674
298,Bangladesh Vs India,India,Mohammed Siraj,10.0,0,60,2,6.0,34,8,1,3,0,ODI # 4674
299,Bangladesh Vs India,India,Hardik Pandya,0.3,0,8,0,16.0,1,2,0,0,0,ODI # 4674
300,Bangladesh Vs India,India,Virat Kohli,0.3,0,2,0,4.0,1,0,0,0,0,ODI # 4674
301,Bangladesh Vs India,India,Shardul Thakur,9.0,0,59,1,6.55,23,3,3,0,0,ODI # 4674
302,Bangladesh Vs India,India,Kuldeep Yadav,10.0,0,47,1,4.7,25,1,1,1,0,ODI # 4674
303,Bangladesh Vs India,India,Ravindra Jadeja,10.0,0,38,2,3.8,36,2,1,0,0,ODI # 4674
304,Bangladesh Vs India,Bangladesh,Shoriful Islam,8.0,0,54,0,6.75,25,6,2,0,0,ODI # 4674
305,Bangladesh Vs India,Bangladesh,Mustafizur Rahman,5.0,0,29,0,5.8,17,5,0,0,0,ODI # 4674
306,Bangladesh Vs India,Bangladesh,Nasum Ahmed,9.3,0,60,0,6.31,30,4,4,0,0,ODI # 4674
307,Bangladesh Vs India,Bangladesh,Hasan Mahmud,8.0,0,65,1,8.12,22,5,3,1,2,ODI # 4674
308,Bangladesh Vs India,Bangladesh,Mehidy Hasan Miraz,10.0,0,47,2,4.7,24,3,0,1,0,ODI # 4674
309,Bangladesh Vs India,Bangladesh,Mahmudullah,1.0,0,6,0,6.0,0,0,0,0,0,ODI # 4674
310,New Zealand Vs Afghanistan,Afghanistan,Mujeeb Ur Rahman,10.0,0,57,1,5.7,32,4,2,1,0,ODI # 4673
311,New Zealand Vs Afghanistan,Afghanistan,Fazalhaq Farooqi,7.0,1,39,0,5.57,23,2,2,2,0,ODI # 4673
312,New Zealand Vs Afghanistan,Afghanistan,Naveen-ul-Haq,8.0,0,48,2,6.0,17,4,0,0,0,ODI # 4673
313,New Zealand Vs Afghanistan,Afghanistan,Mohammad Nabi,8.0,1,41,0,5.12,30,1,4,0,0,ODI # 4673
314,New Zealand Vs Afghanistan,Afghanistan,Rashid Khan,10.0,0,43,1,4.3,35,4,0,2,0,ODI # 4673
315,New Zealand Vs Afghanistan,Afghanistan,Azmatullah Omarzai,7.0,0,56,2,8.0,17,4,3,0,1,ODI # 4673
316,New Zealand Vs Afghanistan,New Zealand,Trent Boult,7.0,1,18,2,2.57,32,1,0,2,0,ODI # 4673
317,New Zealand Vs Afghanistan,New Zealand,Matt Henry,5.0,2,16,1,3.2,22,1,1,0,0,ODI # 4673
318,New Zealand Vs Afghanistan,New Zealand,Mitchell Santner,7.4,0,39,3,5.08,24,3,1,1,0,ODI # 4673
319,New Zealand Vs Afghanistan,New Zealand,Lockie Ferguson,7.0,1,19,3,2.71,32,2,0,1,0,ODI # 4673
320,New Zealand Vs Afghanistan,New Zealand,Glenn Phillips,3.0,0,13,0,4.33,7,0,0,1,0,ODI # 4673
321,New Zealand Vs Afghanistan,New Zealand,Rachin Ravindra,5.0,0,34,1,6.8,11,4,0,0,0,ODI # 4673
322,Netherlands Vs South Africa,South Africa,Lungi Ngidi,9.0,1,57,2,6.33,31,5,1,6,1,ODI # 4672
323,Netherlands Vs South Africa,South Africa,Marco Jansen,8.0,1,27,2,3.37,36,3,0,6,0,ODI # 4672
324,Netherlands Vs South Africa,South Africa,Kagiso Rabada,9.0,1,56,2,6.22,30,5,2,3,0,ODI # 4672
325,Netherlands Vs South Africa,South Africa,Gerald Coetzee,8.0,0,57,1,7.12,25,5,3,2,0,ODI # 4672
326,Netherlands Vs South Africa,South Africa,Keshav Maharaj,9.0,0,38,1,4.22,34,5,0,0,0,ODI # 4672
327,Netherlands Vs South Africa,Netherlands,Aryan Dutt,5.0,1,19,0,3.8,21,3,0,0,0,ODI # 4672
328,Netherlands Vs South Africa,Netherlands,Logan van Beek,8.5,0,60,3,6.79,30,7,2,1,1,ODI # 4672
329,Netherlands Vs South Africa,Netherlands,Colin Ackermann,3.0,0,16,1,5.33,13,2,1,0,0,ODI # 4672
330,Netherlands Vs South Africa,Netherlands,Paul van Meekeren,9.0,0,40,2,4.44,33,4,1,0,0,ODI # 4672
331,Netherlands Vs South Africa,Netherlands,Roelof van der Merwe,9.0,0,34,2,3.77,29,1,1,0,0,ODI # 4672
332,Netherlands Vs South Africa,Netherlands,Bas de Leede,8.0,0,36,2,4.5,28,3,0,4,0,ODI # 4672
333,Sri Lanka Vs Australia,Australia,Mitchell Starc,10.0,0,43,2,4.3,37,5,0,4,0,ODI # 4671
334,Sri Lanka Vs Australia,Australia,Josh Hazlewood,7.0,1,36,0,5.14,28,6,0,1,0,ODI # 4671
335,Sri Lanka Vs Australia,Australia,Pat Cummins,7.0,0,32,2,4.57,24,4,0,1,0,ODI # 4671
336,Sri Lanka Vs Australia,Australia,Glenn Maxwell,9.3,0,36,1,3.78,30,2,0,1,0,ODI # 4671
337,Sri Lanka Vs Australia,Australia,Adam Zampa,8.0,1,47,4,5.87,26,5,1,2,0,ODI # 4671
338,Sri Lanka Vs Australia,Australia,Marcus Stoinis,2.0,0,11,0,5.5,5,1,0,0,0,ODI # 4671
339,Sri Lanka Vs Australia,Sri Lanka,Lahiru Kumara,4.0,0,47,0,11.75,8,5,2,0,0,ODI # 4671
340,Sri Lanka Vs Australia,Sri Lanka,Dilshan Madushanka,9.0,2,38,3,4.22,34,5,0,1,0,ODI # 4671
341,Sri Lanka Vs Australia,Sri Lanka,Maheesh Theekshana,7.0,0,49,0,7.0,19,5,2,0,0,ODI # 4671
342,Sri Lanka Vs Australia,Sri Lanka,Dunith Wellalage,9.2,0,53,1,5.67,29,6,1,0,0,ODI # 4671
343,Sri Lanka Vs Australia,Sri Lanka,Chamika Karunaratne,3.0,0,15,0,5.0,9,1,0,2,0,ODI # 4671
344,Sri Lanka Vs Australia,Sri Lanka,Dhananjaya de Silva,3.0,0,13,0,4.33,8,0,0,0,0,ODI # 4671
345,Afghanistan Vs England,England,Chris Woakes,4.0,0,41,0,10.25,13,4,2,2,0,ODI # 4670
346,Afghanistan Vs England,England,Reece Topley,8.5,1,52,1,5.88,30,5,1,3,1,ODI # 4670
347,Afghanistan Vs England,England,Sam Curran,4.0,0,46,0,11.5,9,5,2,0,2,ODI # 4670
348,Afghanistan Vs England,England,Adil Rashid,10.0,1,42,3,4.2,29,1,1,1,0,ODI # 4670
349,Afghanistan Vs England,England,Mark Wood,9.0,0,50,2,5.55,27,5,1,0,0,ODI # 4670
350,Afghanistan Vs England,England,Liam Livingstone,10.0,0,33,1,3.3,31,1,0,0,0,ODI # 4670
351,Afghanistan Vs England,England,Joe Root,4.0,0,19,1,4.75,16,2,1,0,0,ODI # 4670
352,Afghanistan Vs England,Afghanistan,Mujeeb Ur Rahman,10.0,1,51,3,5.1,31,2,1,1,0,ODI # 4670
353,Afghanistan Vs England,Afghanistan,Fazalhaq Farooqi,7.0,0,50,1,7.14,23,9,0,2,0,ODI # 4670
354,Afghanistan Vs England,Afghanistan,Naveen-ul-Haq,6.0,1,44,1,7.33,17,8,0,0,1,ODI # 4670
355,Afghanistan Vs England,Afghanistan,Mohammad Nabi,6.0,0,16,2,2.66,23,0,0,1,0,ODI # 4670
356,Afghanistan Vs England,Afghanistan,Rashid Khan,9.3,1,37,3,3.89,30,3,0,0,0,ODI # 4670
357,Afghanistan Vs England,Afghanistan,Azmatullah Omarzai,2.0,0,13,0,6.5,5,2,0,0,0,ODI # 4670
358,Pakistan Vs India,India,Jasprit Bumrah,7.0,1,19,2,2.71,33,3,0,1,0,ODI # 4669
359,Pakistan Vs India,India,Mohammed Siraj,8.0,0,50,2,6.25,22,7,0,0,0,ODI # 4669
360,Pakistan Vs India,India,Hardik Pandya,6.0,0,34,2,5.66,20,6,0,0,0,ODI # 4669
361,Pakistan Vs India,India,Kuldeep Yadav,10.0,0,35,2,3.5,38,4,0,0,0,ODI # 4669
362,Pakistan Vs India,India,Ravindra Jadeja,9.5,0,38,2,3.86,35,4,0,0,0,ODI # 4669
363,Pakistan Vs India,India,Shardul Thakur,2.0,0,12,0,6.0,6,2,0,0,0,ODI # 4669
364,Pakistan Vs India,Pakistan,Shaheen Shah Afridi,6.0,0,36,2,6.0,21,5,1,1,0,ODI # 4669
365,Pakistan Vs India,Pakistan,Hasan Ali,6.0,0,34,1,5.66,23,7,0,0,0,ODI # 4669
366,Pakistan Vs India,Pakistan,Mohammad Nawaz,8.3,0,47,0,5.52,23,3,2,0,0,ODI # 4669
367,Pakistan Vs India,Pakistan,Haris Rauf,6.0,0,43,0,7.16,14,1,3,0,0,ODI # 4669
368,Pakistan Vs India,Pakistan,Shadab Khan,4.0,0,31,0,7.75,10,2,2,0,0,ODI # 4669
369,Bangladesh Vs New Zealand,New Zealand,Trent Boult,10.0,0,45,2,4.5,37,5,1,2,0,ODI # 4668
370,Bangladesh Vs New Zealand,New Zealand,Matt Henry,10.0,0,58,2,5.8,27,6,0,0,1,ODI # 4668
371,Bangladesh Vs New Zealand,New Zealand,Lockie Ferguson,10.0,0,49,3,4.9,44,4,3,2,2,ODI # 4668
372,Bangladesh Vs New Zealand,New Zealand,Mitchell Santner,10.0,1,31,1,3.1,36,2,0,0,0,ODI # 4668
373,Bangladesh Vs New Zealand,New Zealand,Glenn Phillips,2.0,0,13,1,6.5,8,1,1,0,1,ODI # 4668
374,Bangladesh Vs New Zealand,New Zealand,Rachin Ravindra,7.0,0,37,0,5.28,22,2,2,0,0,ODI # 4668
375,Bangladesh Vs New Zealand,New Zealand,Daryl Mitchell,1.0,0,11,0,11.0,1,0,1,0,0,ODI # 4668
376,Bangladesh Vs New Zealand,Bangladesh,Mustafizur Rahman,8.0,0,36,1,4.5,26,3,0,3,0,ODI # 4668
377,Bangladesh Vs New Zealand,Bangladesh,Shoriful Islam,7.5,1,43,0,5.48,30,5,1,3,0,ODI # 4668
378,Bangladesh Vs New Zealand,Bangladesh,Taskin Ahmed,8.0,0,56,0,7.0,20,6,1,3,0,ODI # 4668
379,Bangladesh Vs New Zealand,Bangladesh,Shakib Al Hasan,10.0,0,54,1,5.4,30,2,3,0,0,ODI # 4668
380,Bangladesh Vs New Zealand,Bangladesh,Mehidy Hasan Miraz,9.0,0,58,0,6.44,17,4,1,1,0,ODI # 4668
381,South Africa Vs Australia,Australia,Mitchell Starc,9.0,1,53,2,5.88,29,3,3,1,0,ODI # 4667
382,South Africa Vs Australia,Australia,Josh Hazlewood,9.0,0,60,1,6.66,30,7,2,3,0,ODI # 4667
383,South Africa Vs Australia,Australia,Glenn Maxwell,10.0,1,34,2,3.4,32,0,0,2,0,ODI # 4667
384,South Africa Vs Australia,Australia,Pat Cummins,9.0,0,71,1,7.88,19,6,3,0,0,ODI # 4667
385,South Africa Vs Australia,Australia,Adam Zampa,10.0,0,70,1,7.0,20,9,0,1,0,ODI # 4667
386,South Africa Vs Australia,Australia,Mitchell Marsh,1.0,0,6,0,6.0,1,0,0,0,0,ODI # 4667
387,South Africa Vs Australia,Australia,Marcus Stoinis,2.0,0,11,0,5.5,5,1,0,0,0,ODI # 4667
388,South Africa Vs Australia,South Africa,Lungi Ngidi,8.0,2,18,1,2.25,35,0,0,1,0,ODI # 4667
389,South Africa Vs Australia,South Africa,Marco Jansen,7.0,0,54,2,7.71,24,8,0,3,1,ODI # 4667
390,South Africa Vs Australia,South Africa,Kagiso Rabada,8.0,1,33,3,4.12,35,5,0,1,1,ODI # 4667
391,South Africa Vs Australia,South Africa,Keshav Maharaj,10.0,0,30,2,3.0,40,2,0,2,0,ODI # 4667
392,South Africa Vs Australia,South Africa,Tabraiz Shamsi,7.5,0,38,2,4.85,24,4,0,0,0,ODI # 4667
393,Afghanistan Vs India,India,Jasprit Bumrah,10.0,0,39,4,3.9,41,5,0,3,0,ODI # 4666
394,Afghanistan Vs India,India,Mohammed Siraj,9.0,0,76,0,8.44,23,12,1,1,0,ODI # 4666
395,Afghanistan Vs India,India,Hardik Pandya,7.0,0,43,2,6.14,23,5,1,2,0,ODI # 4666
396,Afghanistan Vs India,India,Shardul Thakur,6.0,0,31,1,5.16,21,2,1,1,1,ODI # 4666
397,Afghanistan Vs India,India,Kuldeep Yadav,10.0,0,40,1,4.0,35,0,3,0,0,ODI # 4666
398,Afghanistan Vs India,India,Ravindra Jadeja,8.0,0,38,0,4.75,22,1,1,0,1,ODI # 4666
399,Afghanistan Vs India,Afghanistan,Fazalhaq Farooqi,6.0,0,50,0,8.33,17,6,2,1,0,ODI # 4666
400,Afghanistan Vs India,Afghanistan,Mujeeb Ur Rahman,8.0,0,64,0,8.0,18,6,1,3,0,ODI # 4666
401,Afghanistan Vs India,Afghanistan,Naveen-ul-Haq,5.0,0,31,0,6.2,16,4,1,0,0,ODI # 4666
402,Afghanistan Vs India,Afghanistan,Azmatullah Omarzai,4.0,0,34,0,8.5,12,5,1,1,0,ODI # 4666
403,Afghanistan Vs India,Afghanistan,Mohammad Nabi,4.0,0,32,0,8.0,11,3,2,0,0,ODI # 4666
404,Afghanistan Vs India,Afghanistan,Rashid Khan,8.0,0,57,2,7.12,12,4,1,1,0,ODI # 4666
405,England Vs Pakistan,Pakistan,Shaheen Shah Afridi,10.0,1,72,2,7.2,32,9,3,0,0,ODI # 4701
406,England Vs Pakistan,Pakistan,Haris Rauf,10.0,0,64,3,6.4,32,7,0,3,0,ODI # 4701
407,England Vs Pakistan,Pakistan,Iftikhar Ahmed,7.0,0,38,1,5.42,17,4,0,0,0,ODI # 4701
408,England Vs Pakistan,Pakistan,Mohammad Wasim,10.0,0,74,2,7.4,26,7,3,1,0,ODI # 4701
409,England Vs Pakistan,Pakistan,Shadab Khan,10.0,0,57,0,5.7,25,5,1,0,0,ODI # 4701
410,England Vs Pakistan,Pakistan,Agha Salman,3.0,0,25,0,8.33,7,3,1,0,0,ODI # 4701
411,England Vs Pakistan,England,David Willey,10.0,0,56,3,5.6,37,8,1,2,0,ODI # 4701
412,England Vs Pakistan,England,Chris Woakes,5.3,0,27,1,4.9,22,5,0,0,0,ODI # 4701
413,England Vs Pakistan,England,Adil Rashid,10.0,0,55,2,5.5,26,4,1,1,0,ODI # 4701
414,England Vs Pakistan,England,Gus Atkinson,8.0,0,45,2,5.62,29,3,3,2,0,ODI # 4701
415,England Vs Pakistan,England,Moeen Ali,10.0,0,60,2,6.0,27,7,1,0,0,ODI # 4701
416,Sri Lanka Vs Pakistan,Pakistan,Shaheen Shah Afridi,9.0,0,66,1,7.33,27,9,1,4,0,ODI # 4665
417,Sri Lanka Vs Pakistan,Pakistan,Hasan Ali,10.0,0,71,4,7.1,32,6,4,3,1,ODI # 4665
418,Sri Lanka Vs Pakistan,Pakistan,Mohammad Nawaz,9.0,0,62,1,6.88,23,7,1,0,0,ODI # 4665
419,Sri Lanka Vs Pakistan,Pakistan,Haris Rauf,10.0,0,64,2,6.4,30,6,2,1,0,ODI # 4665
420,Sri Lanka Vs Pakistan,Pakistan,Shadab Khan,8.0,0,55,1,6.87,20,6,1,0,0,ODI # 4665
421,Sri Lanka Vs Pakistan,Pakistan,Iftikhar Ahmed,4.0,0,22,0,5.5,11,2,0,1,0,ODI # 4665
422,Sri Lanka Vs Pakistan,Sri Lanka,Maheesh Theekshana,10.0,0,59,1,5.9,23,3,0,1,0,ODI # 4665
423,Sri Lanka Vs Pakistan,Sri Lanka,Dilshan Madushanka,9.2,0,60,2,6.42,27,5,1,2,1,ODI # 4665
424,Sri Lanka Vs Pakistan,Sri Lanka,Dasun Shanaka,5.0,0,28,0,5.6,10,2,0,0,0,ODI # 4665
425,Sri Lanka Vs Pakistan,Sri Lanka,Matheesha Pathirana,9.0,0,90,1,10.0,14,8,1,9,0,ODI # 4665
426,Sri Lanka Vs Pakistan,Sri Lanka,Dunith Wellalage,10.0,0,62,0,6.2,24,4,2,0,0,ODI # 4665
427,Sri Lanka Vs Pakistan,Sri Lanka,Dhananjaya de Silva,4.0,0,36,0,9.0,7,3,2,0,0,ODI # 4665
428,Sri Lanka Vs Pakistan,Sri Lanka,Charith Asalanka,1.0,0,10,0,10.0,1,1,0,0,0,ODI # 4665
429,England Vs Bangladesh,Bangladesh,Mustafizur Rahman,10.0,0,70,0,7.0,26,6,3,0,0,ODI # 4664
430,England Vs Bangladesh,Bangladesh,Taskin Ahmed,6.0,0,38,1,6.33,19,4,1,2,0,ODI # 4664
431,England Vs Bangladesh,Bangladesh,Shoriful Islam,10.0,0,75,3,7.5,25,11,0,1,0,ODI # 4664
432,England Vs Bangladesh,Bangladesh,Mahedi Hasan,8.0,0,71,4,8.87,17,10,1,0,0,ODI # 4664
433,England Vs Bangladesh,Bangladesh,Shakib Al Hasan,10.0,0,52,1,5.2,25,4,0,1,0,ODI # 4664
434,England Vs Bangladesh,Bangladesh,Mehidy Hasan Miraz,6.0,0,55,0,9.16,10,6,2,0,0,ODI # 4664
435,England Vs Bangladesh,England,Chris Woakes,8.0,0,49,2,6.12,24,6,0,0,0,ODI # 4664
436,England Vs Bangladesh,England,Reece Topley,10.0,1,43,4,4.3,35,3,1,0,0,ODI # 4664
437,England Vs Bangladesh,England,Sam Curran,7.2,0,47,1,6.4,15,5,0,2,0,ODI # 4664
438,England Vs Bangladesh,England,Mark Wood,10.0,0,29,1,2.9,38,2,0,1,0,ODI # 4664
439,England Vs Bangladesh,England,Adil Rashid,10.0,0,42,1,4.2,31,1,1,0,0,ODI # 4664
440,England Vs Bangladesh,England,Liam Livingstone,3.0,0,13,1,4.33,11,0,1,0,0,ODI # 4664
441,New Zealand Vs Netherlands,Netherlands,Aryan Dutt,10.0,2,62,2,6.2,31,3,3,1,0,ODI # 4663
442,New Zealand Vs Netherlands,Netherlands,Ryan Klein,7.0,1,41,0,5.85,25,7,0,1,0,ODI # 4663
443,New Zealand Vs Netherlands,Netherlands,Paul van Meekeren,9.0,0,59,2,6.55,28,7,2,0,1,ODI # 4663
444,New Zealand Vs Netherlands,Netherlands,Roelof van der Merwe,9.0,0,56,2,6.22,20,5,1,0,0,ODI # 4663
445,New Zealand Vs Netherlands,Netherlands,Colin Ackermann,4.0,0,28,0,7.0,9,1,2,0,0,ODI # 4663
446,New Zealand Vs Netherlands,Netherlands,Bas de Leede,10.0,0,64,1,6.4,28,6,2,0,1,ODI # 4663
447,New Zealand Vs Netherlands,Netherlands,Vikramjit Singh,1.0,0,9,0,9.0,1,1,0,0,0,ODI # 4663
448,New Zealand Vs Netherlands,New Zealand,Trent Boult,8.0,0,34,0,4.25,29,3,0,1,0,ODI # 4663
449,New Zealand Vs Netherlands,New Zealand,Matt Henry,8.3,0,40,3,4.7,29,4,0,0,0,ODI # 4663
450,New Zealand Vs Netherlands,New Zealand,Mitchell Santner,10.0,0,59,5,5.9,30,4,2,0,0,ODI # 4663
451,New Zealand Vs Netherlands,New Zealand,Lockie Ferguson,8.0,0,32,0,4.0,31,5,0,0,0,ODI # 4663
452,New Zealand Vs Netherlands,New Zealand,Rachin Ravindra,10.0,0,46,1,4.6,30,3,1,0,1,ODI # 4663
453,New Zealand Vs Netherlands,New Zealand,Glenn Phillips,2.0,0,11,0,5.5,2,0,0,0,0,ODI # 4663
454,Australia Vs India,India,Jasprit Bumrah,10.0,0,35,2,3.5,41,1,1,4,0,ODI # 4662
455,Australia Vs India,India,Mohammed Siraj,6.3,1,26,1,4.0,26,3,0,2,0,ODI # 4662
456,Australia Vs India,India,Hardik Pandya,3.0,0,28,1,9.33,8,6,0,0,0,ODI # 4662
457,Australia Vs India,India,Ravichandran Ashwin,10.0,1,34,1,3.4,32,2,0,0,0,ODI # 4662
458,Australia Vs India,India,Kuldeep Yadav,10.0,0,42,2,4.2,31,2,1,0,0,ODI # 4662
459,Australia Vs India,India,Ravindra Jadeja,10.0,2,28,3,2.8,38,2,0,0,0,ODI # 4662
460,Australia Vs India,Australia,Mitchell Starc,8.0,0,31,1,3.87,28,2,0,3,0,ODI # 4662
461,Australia Vs India,Australia,Josh Hazlewood,9.0,1,38,3,4.22,33,3,1,1,0,ODI # 4662
462,Australia Vs India,Australia,Pat Cummins,6.2,0,33,0,5.21,19,2,1,1,1,ODI # 4662
463,Australia Vs India,Australia,Glenn Maxwell,8.0,0,33,0,4.12,24,1,1,0,0,ODI # 4662
464,Australia Vs India,Australia,Cameron Green,2.0,0,11,0,5.5,7,2,0,0,0,ODI # 4662
465,Australia Vs India,Australia,Adam Zampa,8.0,0,53,0,6.62,13,4,0,0,0,ODI # 4662
466,South Africa Vs Sri Lanka,Sri Lanka,Kasun Rajitha,10.0,1,90,1,9.0,24,8,5,2,0,ODI # 4661
467,South Africa Vs Sri Lanka,Sri Lanka,Dilshan Madushanka,10.0,0,86,2,8.6,25,12,1,3,1,ODI # 4661
468,South Africa Vs Sri Lanka,Sri Lanka,Dasun Shanaka,6.0,0,36,0,6.0,10,1,1,0,0,ODI # 4661
469,South Africa Vs Sri Lanka,Sri Lanka,Dhananjaya de Silva,4.0,0,39,0,9.75,9,4,2,1,0,ODI # 4661
470,South Africa Vs Sri Lanka,Sri Lanka,Matheesha Pathirana,10.0,0,95,1,9.5,22,10,2,5,0,ODI # 4661
471,South Africa Vs Sri Lanka,Sri Lanka,Dunith Wellalage,10.0,0,81,1,8.1,27,10,3,2,0,ODI # 4661
472,South Africa Vs Sri Lanka,South Africa,Lungi Ngidi,8.0,1,49,1,6.12,30,3,4,2,0,ODI # 4661
473,South Africa Vs Sri Lanka,South Africa,Marco Jansen,10.0,0,92,2,9.2,31,10,6,3,0,ODI # 4661
474,South Africa Vs Sri Lanka,South Africa,Kagiso Rabada,7.5,0,50,2,6.38,22,3,2,2,1,ODI # 4661
475,South Africa Vs Sri Lanka,South Africa,Keshav Maharaj,10.0,0,62,2,6.2,33,6,2,2,0,ODI # 4661
476,South Africa Vs Sri Lanka,South Africa,Gerald Coetzee,9.0,0,68,3,7.55,26,7,3,1,0,ODI # 4661
477,Afghanistan Vs Bangladesh,Bangladesh,Taskin Ahmed,6.0,0,32,1,5.33,23,3,1,1,0,ODI # 4660
478,Afghanistan Vs Bangladesh,Bangladesh,Shoriful Islam,6.2,1,34,2,5.36,23,5,0,2,0,ODI # 4660
479,Afghanistan Vs Bangladesh,Bangladesh,Mustafizur Rahman,7.0,1,28,1,4.0,26,2,1,0,0,ODI # 4660
480,Afghanistan Vs Bangladesh,Bangladesh,Shakib Al Hasan,8.0,0,30,3,3.75,28,3,0,0,0,ODI # 4660
481,Afghanistan Vs Bangladesh,Bangladesh,Mehidy Hasan Miraz,9.0,3,25,3,2.77,38,1,0,1,0,ODI # 4660
482,Afghanistan Vs Bangladesh,Bangladesh,Mahmudullah,1.0,0,7,0,7.0,3,1,0,0,0,ODI # 4660
483,Afghanistan Vs Bangladesh,Afghanistan,Fazalhaq Farooqi,5.0,0,19,1,3.8,22,2,0,2,0,ODI # 4660
484,Afghanistan Vs Bangladesh,Afghanistan,Mujeeb Ur Rahman,7.0,0,30,0,4.28,26,3,1,0,0,ODI # 4660
485,Afghanistan Vs Bangladesh,Afghanistan,Naveen-ul-Haq,5.4,0,31,1,5.47,14,2,0,1,1,ODI # 4660
486,Afghanistan Vs Bangladesh,Afghanistan,Rashid Khan,9.0,0,48,0,5.33,24,5,0,0,0,ODI # 4660
487,Afghanistan Vs Bangladesh,Afghanistan,Mohammad Nabi,6.0,1,18,0,3.0,20,0,0,1,0,ODI # 4660
488,Afghanistan Vs Bangladesh,Afghanistan,Azmatullah Omarzai,2.0,0,9,1,4.5,7,1,0,0,0,ODI # 4660
489,Pakistan Vs Netherlands,Netherlands,Aryan Dutt,10.0,0,48,1,4.8,37,7,0,2,0,ODI # 4659
490,Pakistan Vs Netherlands,Netherlands,Logan van Beek,6.0,0,30,1,5.0,20,4,0,1,0,ODI # 4659
491,Pakistan Vs Netherlands,Netherlands,Colin Ackermann,8.0,1,39,2,4.87,26,1,2,0,0,ODI # 4659
492,Pakistan Vs Netherlands,Netherlands,Paul van Meekeren,6.0,0,40,1,6.66,16,5,0,2,0,ODI # 4659
493,Pakistan Vs Netherlands,Netherlands,Bas de Leede,9.0,0,62,4,6.88,22,9,0,3,0,ODI # 4659
494,Pakistan Vs Netherlands,Netherlands,Roelof van der Merwe,6.0,0,36,0,6.0,14,2,1,0,1,ODI # 4659
495,Pakistan Vs Netherlands,Netherlands,Vikramjit Singh,2.0,0,16,0,8.0,5,3,0,0,0,ODI # 4659
496,Pakistan Vs Netherlands,Pakistan,Saqib Zulfiqar,2.0,0,15,0,7.5,3,2,0,0,0,ODI # 4659
497,Pakistan Vs Netherlands,Pakistan,Shaheen Shah Afridi,7.0,0,37,1,5.28,26,5,0,2,0,ODI # 4659
498,Pakistan Vs Netherlands,Pakistan,Hasan Ali,7.0,1,33,2,4.71,31,6,0,4,0,ODI # 4659
499,Pakistan Vs Netherlands,Pakistan,Haris Rauf,9.0,0,43,3,4.77,33,5,1,2,0,ODI # 4659
500,Pakistan Vs Netherlands,Pakistan,Iftikhar Ahmed,3.0,0,16,1,5.33,7,1,0,0,0,ODI # 4659
501,Pakistan Vs Netherlands,Pakistan,Mohammad Nawaz,7.0,0,31,1,4.42,23,2,1,0,0,ODI # 4659
502,Pakistan Vs Netherlands,Pakistan,Shadab Khan,8.0,0,45,1,5.62,23,1,2,1,0,ODI # 4659
503,England Vs New Zealand,New Zealand,Trent Boult,10.0,1,48,1,4.8,34,3,2,1,0,ODI # 4658
504,England Vs New Zealand,New Zealand,Matt Henry,10.0,1,48,3,4.8,31,6,0,0,0,ODI # 4658
505,England Vs New Zealand,New Zealand,Mitchell Santner,10.0,0,37,2,3.7,26,0,0,1,0,ODI # 4658
506,England Vs New Zealand,New Zealand,James Neesham,7.0,0,56,0,8.0,15,5,2,2,0,ODI # 4658
507,England Vs New Zealand,New Zealand,Rachin Ravindra,10.0,0,76,1,7.6,14,6,2,0,0,ODI # 4658
508,England Vs New Zealand,New Zealand,Glenn Phillips,3.0,0,17,2,5.66,5,1,0,0,0,ODI # 4658
509,England Vs New Zealand,England,Chris Woakes,6.0,0,45,0,7.5,18,7,1,0,0,ODI # 4658
510,England Vs New Zealand,England,Sam Curran,6.0,2,47,1,7.83,17,6,1,2,0,ODI # 4658
511,England Vs New Zealand,England,Mark Wood,5.0,0,55,0,11.0,9,7,2,1,0,ODI # 4658
512,England Vs New Zealand,England,Moeen Ali,9.2,0,60,0,6.42,20,2,3,0,0,ODI # 4658
513,England Vs New Zealand,England,Adil Rashid,7.0,0,47,0,6.71,15,4,1,0,0,ODI # 4658
514,England Vs New Zealand,England,Liam Livingstone,3.0,0,24,0,8.0,7,4,0,0,0,ODI # 4658
515,Bangladesh Vs Australia,Australia,Josh Hazlewood,7.0,1,21,0,3.0,29,2,0,0,0,ODI # 4700
516,Bangladesh Vs Australia,Australia,Pat Cummins,8.0,0,56,0,7.0,22,7,0,4,0,ODI # 4700
517,Bangladesh Vs Australia,Australia,Sean Abbott,10.0,0,61,2,6.1,29,4,2,0,1,ODI # 4700
518,Bangladesh Vs Australia,Australia,Mitchell Marsh,4.0,0,48,0,12.0,8,6,2,2,1,ODI # 4700
519,Bangladesh Vs Australia,Australia,Adam Zampa,10.0,0,32,2,3.2,39,2,1,0,0,ODI # 4700
520,Bangladesh Vs Australia,Australia,Travis Head,6.0,0,33,0,5.5,14,2,1,0,0,ODI # 4700
521,Bangladesh Vs Australia,Australia,Marcus Stoinis,5.0,0,45,1,9.0,4,4,0,2,0,ODI # 4700
522,Bangladesh Vs Australia,Bangladesh,Taskin Ahmed,10.0,0,61,1,6.1,30,6,2,1,0,ODI # 4700
523,Bangladesh Vs Australia,Bangladesh,Mahedi Hasan,9.0,0,38,0,4.22,29,3,0,1,0,ODI # 4700
524,Bangladesh Vs Australia,Bangladesh,Nasum Ahmed,10.0,0,85,0,8.5,21,9,3,1,0,ODI # 4700
525,Bangladesh Vs Australia,Bangladesh,Mehidy Hasan Miraz,6.0,0,47,0,7.83,13,3,3,0,0,ODI # 4700
526,Bangladesh Vs Australia,Bangladesh,Mustafizur Rahman,9.4,1,76,1,7.86,20,8,2,1,0,ODI # 4700
527,Afghanistan Vs South Africa,South Africa,Kagiso Rabada,10.0,0,40,0,4.0,37,4,1,0,0,ODI # 4699
528,Afghanistan Vs South Africa,South Africa,Lungi Ngidi,8.3,0,69,2,8.11,28,5,4,6,0,ODI # 4699
529,Afghanistan Vs South Africa,South Africa,Aiden Markram,4.3,0,25,0,5.55,13,2,1,0,0,ODI # 4699
530,Afghanistan Vs South Africa,South Africa,Gerald Coetzee,10.0,1,44,4,4.4,35,5,0,2,0,ODI # 4699
531,Afghanistan Vs South Africa,South Africa,Keshav Maharaj,10.0,1,25,2,2.5,41,0,0,2,0,ODI # 4699
532,Afghanistan Vs South Africa,South Africa,Andile Phehlukwayo,7.0,0,36,1,5.14,20,4,0,0,0,ODI # 4699
533,Afghanistan Vs South Africa,Afghanistan,Mujeeb Ur Rahman,10.0,0,51,1,5.1,33,4,2,1,0,ODI # 4699
534,Afghanistan Vs South Africa,Afghanistan,Naveen-ul-Haq,6.3,0,52,0,8.0,16,2,4,1,0,ODI # 4699
535,Afghanistan Vs South Africa,Afghanistan,Mohammad Nabi,10.0,1,35,2,3.5,36,3,0,0,0,ODI # 4699
536,Afghanistan Vs South Africa,Afghanistan,Azmatullah Omarzai,1.0,0,8,0,8.0,3,0,1,0,0,ODI # 4699
537,Afghanistan Vs South Africa,Afghanistan,Rashid Khan,10.0,1,37,2,3.7,38,2,1,1,0,ODI # 4699
538,Afghanistan Vs South Africa,Afghanistan,Noor Ahmad,9.0,0,49,0,5.44,23,3,0,3,0,ODI # 4699
539,Afghanistan Vs South Africa,Afghanistan,Rahmat Shah,1.0,0,12,0,12.0,2,1,1,0,0,ODI # 4699
540,Sri Lanka Vs New Zealand,New Zealand,Trent Boult,10.0,3,37,3,3.7,45,6,0,3,0,ODI # 4698
541,Sri Lanka Vs New Zealand,New Zealand,Tim Southee,8.0,0,52,1,6.5,29,6,3,0,0,ODI # 4698
542,Sri Lanka Vs New Zealand,New Zealand,Lockie Ferguson,10.0,2,35,2,3.5,43,6,0,0,0,ODI # 4698
543,Sri Lanka Vs New Zealand,New Zealand,Mitchell Santner,10.0,2,22,2,2.2,45,2,0,0,0,ODI # 4698
544,Sri Lanka Vs New Zealand,New Zealand,Rachin Ravindra,7.4,0,21,2,2.73,28,1,0,0,0,ODI # 4698
545,Sri Lanka Vs New Zealand,New Zealand,Glenn Phillips,1.0,0,3,0,3.0,3,0,0,0,0,ODI # 4698
546,Sri Lanka Vs New Zealand,Sri Lanka,Dilshan Madushanka,6.2,0,58,0,9.15,16,11,0,1,0,ODI # 4698
547,Sri Lanka Vs New Zealand,Sri Lanka,Maheesh Theekshana,7.0,0,43,1,6.14,24,6,1,0,0,ODI # 4698
548,Sri Lanka Vs New Zealand,Sri Lanka,Dhananjaya de Silva,2.0,0,22,0,11.0,3,1,2,0,0,ODI # 4698
549,Sri Lanka Vs New Zealand,Sri Lanka,Dushmantha Chameera,4.0,1,20,1,5.0,17,1,2,0,0,ODI # 4698
550,Sri Lanka Vs New Zealand,Sri Lanka,Angelo Mathews,4.0,0,29,2,7.25,10,4,0,1,0,ODI # 4698
551,England Vs Netherlands,Netherlands,Aryan Dutt,10.0,0,67,2,6.7,30,5,3,1,1,ODI # 4697
552,England Vs Netherlands,Netherlands,Logan van Beek,10.0,0,88,2,8.8,25,10,1,10,0,ODI # 4697
553,England Vs Netherlands,Netherlands,Paul van Meekeren,10.0,0,57,1,5.7,28,5,0,5,0,ODI # 4697
554,England Vs Netherlands,Netherlands,Bas de Leede,10.0,0,74,3,7.4,26,5,4,0,0,ODI # 4697
555,England Vs Netherlands,Netherlands,Roelof van der Merwe,3.0,0,22,0,7.33,6,0,2,0,0,ODI # 4697
556,England Vs Netherlands,Netherlands,Colin Ackermann,7.0,0,31,0,4.42,15,1,0,0,0,ODI # 4697
557,England Vs Netherlands,England,Chris Woakes,7.0,0,19,1,2.71,33,2,0,2,0,ODI # 4697
558,England Vs Netherlands,England,David Willey,7.0,2,19,2,2.71,33,3,0,0,0,ODI # 4697
559,England Vs Netherlands,England,Gus Atkinson,7.0,0,41,0,5.85,25,4,2,1,0,ODI # 4697
560,England Vs Netherlands,England,Moeen Ali,8.2,0,42,3,5.04,23,1,2,0,0,ODI # 4697
561,England Vs Netherlands,England,Adil Rashid,8.0,0,54,3,6.75,22,5,2,1,0,ODI # 4697
562,Afghanistan Vs Australia,Australia,Mitchell Starc,9.0,0,70,1,7.77,26,4,4,5,0,ODI # 4696
563,Afghanistan Vs Australia,Australia,Josh Hazlewood,9.0,0,39,2,4.33,30,2,1,1,0,ODI # 4696
564,Afghanistan Vs Australia,Australia,Glenn Maxwell,10.0,0,55,1,5.5,24,2,1,0,1,ODI # 4696
565,Afghanistan Vs Australia,Australia,Pat Cummins,8.0,0,47,0,5.87,25,5,1,1,0,ODI # 4696
566,Afghanistan Vs Australia,Australia,Adam Zampa,10.0,0,58,1,5.8,22,2,2,2,0,ODI # 4696
567,Afghanistan Vs Australia,Australia,Travis Head,3.0,0,15,0,5.0,7,1,0,0,0,ODI # 4696
568,Afghanistan Vs Australia,Australia,Marcus Stoinis,1.0,0,2,0,2.0,4,0,0,0,0,ODI # 4696
569,Afghanistan Vs Australia,Afghanistan,Mujeeb Ur Rahman,8.5,1,72,0,8.15,28,8,4,0,0,ODI # 4696
570,Afghanistan Vs Australia,Afghanistan,Naveen-ul-Haq,9.0,0,47,2,5.22,34,5,2,1,0,ODI # 4696
571,Afghanistan Vs Australia,Afghanistan,Azmatullah Omarzai,7.0,1,52,2,7.42,25,7,2,1,0,ODI # 4696
572,Afghanistan Vs Australia,Afghanistan,Rashid Khan,10.0,0,44,2,4.4,36,3,1,3,0,ODI # 4696
573,Afghanistan Vs Australia,Afghanistan,Noor Ahmad,10.0,1,53,0,5.3,36,4,2,1,0,ODI # 4696
574,Afghanistan Vs Australia,Afghanistan,Mohammad Nabi,2.0,0,20,0,10.0,6,3,1,0,0,ODI # 4696
